,Date,Open,High,Low,Close,Volume,Market Cap
0,2021-01-27,7.99524209,10.40240774,5.81507959,6.87036269,13585975.73297782,160086334.7820595
1,2021-01-28,6.57364674,7.89342235,5.98513989,7.11361685,6305733.72,165754400.37
2,2021-01-29,7.16896407,7.25508059,6.25709866,6.40157595,3050818.62,149163134.06
3,2021-01-30,6.28370077,9.06793769,6.25878751,9.0373144,6769881.03,210578480.93
4,2021-01-31,9.02310742,12.15641625,8.51201232,9.74785465,14218899.3,227134780.81
5,2021-02-01,9.7437983,12.07643743,9.61734333,9.82633413,11450508.54,228963431.13
6,2021-02-02,9.82811677,11.44898049,9.00358763,9.34934871,60980068.02,217849193.06
7,2021-02-03,9.35534572,9.61266652,8.76620163,8.77906216,8128178.17,204560944.88
8,2021-02-04,8.79222169,9.00474504,8.01191037,8.68829037,14893555.22,202445871.36
9,2021-02-05,8.66570718,10.93183385,8.62388632,10.71303341,12080517.49,249624412.94
10,2021-02-06,10.73656505,10.7931719,9.67231191,10.34509259,16451138.21,241051023.05
11,2021-02-07,10.36806606,10.44631452,9.95128181,10.08739862,8314734.63,235046495.35
12,2021-02-08,10.08897545,10.63342849,9.92689627,10.05664425,13189019.39,234329887.75
13,2021-02-09,10.03311349,11.37254633,10.02378249,11.36734207,7433500.92,264870460.37
14,2021-02-10,11.37532549,12.02411839,11.06637766,11.41670038,17490309.2,266020558.34
15,2021-02-11,11.41966516,12.61874749,11.39524705,12.61519252,5612898.94,293946626.13
16,2021-02-12,12.63660093,14.87081208,12.63306748,14.63301016,13954053.46,340963799.09
17,2021-02-13,14.62117086,15.07638162,13.87688069,14.77934667,6661174.64,344373586.24
18,2021-02-14,14.77898139,18.69555985,14.38158565,17.77185163,10945868.17,414101950.36
19,2021-02-15,17.85744286,20.06492681,16.23154763,19.14650154,58256176.31,446132670.63
20,2021-02-16,19.15093344,19.36740132,17.36448208,19.15498418,30352818.98,446330324.61
21,2021-02-17,19.15400851,19.53957044,16.82708917,17.19224091,24257215.99,400596439.84
22,2021-02-18,17.19393959,19.43732915,17.19393959,19.12227643,22907428.18,445568201.41
23,2021-02-19,19.12063094,19.15966044,17.70861013,18.62689809,21658614.7,434025389.57
24,2021-02-20,18.64025245,18.97110005,18.01854453,18.72914586,16706781.19,436407865.13
25,2021-02-21,18.74475716,26.21853652,18.55927284,21.87712733,76251137.27,509758987.71
26,2021-02-22,21.87694433,23.189334,18.27909373,22.62646558,54680573.76,527219319.62
27,2021-02-23,22.58401835,23.57348323,18.20578439,21.30986694,45629454.76,496541252.24
28,2021-02-24,21.3600506,23.05644486,19.94225139,20.96520682,23362271.78,488510326.16
29,2021-02-25,20.95915644,21.86686344,19.44143116,20.3311425,37511198.21,473735991.96
30,2021-02-26,20.31680971,20.62414164,18.33514994,19.8592689,43661711.92,462740864.38
31,2021-02-27,19.86789712,21.14572845,19.55728676,20.53902878,26939470.56,478579950.74
32,2021-02-28,20.55085613,22.02326599,19.29591972,20.81309216,59356488.87,484965902.07
33,2021-03-01,20.82487026,30.02063966,20.77126092,28.70145982,107296185.84,668772772.64
34,2021-03-02,28.48985338,30.27170784,26.80505741,29.84362374,115857028.56,695386336.49
35,2021-03-03,29.85005409,34.00187446,28.90123541,32.51097617,114310541.78,757538320.67
36,2021-03-04,32.50557926,41.1149869,31.888408,39.037814,205574632.01,909620181.99
37,2021-03-05,39.10930088,39.20947562,34.37049882,34.57907754,109696060.57,805727154.84
38,2021-03-06,34.57915283,35.34369862,30.76066629,34.69916671,80571096.79,808525352.99
39,2021-03-07,34.69698369,36.58051982,33.01430704,34.22111172,50992358.81,797386192.54
40,2021-03-08,34.19371406,35.64728672,31.6560764,32.17490423,61298354.24,749707507.89
41,2021-03-09,32.13913398,38.33291022,32.125728,35.56734585,135347963.47,828754796.73
42,2021-03-10,35.52073202,35.5360191,32.92722512,34.27548521,68744530.59,1043037941.66
43,2021-03-11,34.24583261,34.36688421,31.21864811,32.46468806,40825326.34,987933539.13
44,2021-03-12,32.50752994,35.36560238,30.19818778,35.36560238,75886315.43,1076211318.01
45,2021-03-13,35.39055317,38.94629584,34.47077951,37.65401818,170893244.73,1145850142.54
46,2021-03-14,37.45105748,37.68653364,34.10395457,36.30043442,69560228.81,1104659209.46
47,2021-03-15,36.24693205,37.23281843,32.96104443,34.73643582,57370643.97,1057065138.54
48,2021-03-16,34.75010043,34.76027055,32.4920044,33.36423195,18676265.74,1015307576.3
49,2021-03-17,33.42154259,34.02454519,31.29171749,32.20986948,46406186.3,980179150.09
50,2021-03-18,32.21615056,32.76189057,31.52806058,31.60812177,39329785.42,961867354.11
51,2021-03-19,31.61001264,32.73050325,31.07101314,31.72269451,33595347.41,965353919.37
52,2021-03-20,31.71886989,32.48893327,31.41205287,31.41205287,26468804.33,955900777.7
53,2021-03-21,31.37846624,31.63811002,29.33450264,30.13792707,34518166.36,917127831.39
54,2021-03-22,30.16891076,30.16891076,26.47433047,27.11671707,52058325.04,825189332.51
55,2021-03-23,27.12966009,28.25303748,24.23624571,26.29905411,64100386.12,800307015.35
56,2021-03-24,26.2969355,28.72526001,25.22526711,25.65938871,54726649.02,780841345.32
57,2021-03-25,25.67468659,26.32473777,24.36986303,25.45345081,41230010.01,774574445.24
58,2021-03-26,25.43848147,33.05752492,25.35718666,29.84120911,257565105.1,908098401.53
59,2021-03-27,29.87953689,30.48066059,27.41123349,27.41508362,64295058.56,834268930.45
60,2021-03-28,27.43238276,30.67209778,27.21217917,29.78274379,61588464.62,906319242.07
61,2021-03-29,29.81335601,33.62666425,29.68348989,32.6332979,92056441.64,993064508.35
62,2021-03-30,32.63526202,34.54795709,31.69799819,33.01871209,66350581.24,1004793055.04
63,2021-03-31,32.97878328,36.57953914,32.84945801,34.40823393,120603871.16,1047077620.52
64,2021-04-01,34.3697413,34.77644905,31.06032348,31.13343117,114571031.35,947422035.42
65,2021-04-02,31.17686616,32.34377904,29.19459675,29.9075928,125715512.38,910118524.7
66,2021-04-03,29.91946094,33.67453859,29.80205319,30.4250591,141138961.71,925865551.41
67,2021-04-04,30.37072893,36.01788359,30.33671073,34.77242582,185074818.97,1058160350.73
68,2021-04-05,34.76826775,46.16255049,34.30104103,38.55376708,381504287.91,1173230418.48
69,2021-04-06,38.56806071,38.78577364,34.30233774,36.267917,137557109.32,1231941967.59
70,2021-04-07,36.22984571,39.21542512,33.00324719,35.07431137,262303617.79,1191397790.12
71,2021-04-08,35.00101805,35.76204443,33.81542254,35.40008719,91555451.47,1202463683.6
72,2021-04-09,35.38711126,36.49102478,34.7085936,35.28088406,62284301.18,1198414613.33
73,2021-04-10,35.26508672,36.55124888,34.78726375,35.0220475,66782887.92,1189622500.39
74,2021-04-11,35.02292519,35.36727879,33.00137266,33.84475564,66697268.23,1149632466.0
75,2021-04-12,33.81909278,39.11387227,33.34590162,38.10129796,183505374.16,1294217916.7
76,2021-04-13,38.10894734,39.2303033,37.19050455,38.45425713,78001528.71,1306207168.91
77,2021-04-14,38.41859429,38.85382745,35.79215111,37.14768096,51209619.32,1261825628.79
78,2021-04-15,37.16301378,38.84626916,36.80368922,38.44565389,55229635.07,1305914935.72
79,2021-04-16,38.45614174,38.64017862,35.01499518,36.58154991,62763522.21,1242595393.07
80,2021-04-17,36.55872478,36.5888065,35.43459303,35.695861,50276247.24,1212510474.26
81,2021-04-18,35.63150897,36.53156665,29.94115464,32.57156795,112644536.43,1106385059.62
82,2021-04-19,32.52413623,34.05190668,31.76597771,32.9037883,78002056.94,1117669859.71
83,2021-04-20,32.89520709,35.34333416,30.91233454,34.38026796,138999531.67,1167822650.46
84,2021-04-21,34.3927347,35.20183029,33.3605463,33.42876768,53317516.65,1135502263.02
85,2021-04-22,33.41097225,34.01712716,29.86890373,29.88166222,63086752.25,1015014833.94
86,2021-04-23,29.86251381,30.14374145,24.72596258,27.72105347,97245526.47,941623671.23
87,2021-04-24,27.73191203,29.12150803,26.3254331,26.87237928,54457850.65,912796061.89
88,2021-04-25,26.88230798,28.52308761,25.91796653,26.77620683,45514464.0,909529293.4
89,2021-04-26,26.77581027,30.17171292,26.77581027,30.17171292,56613144.6,1024867222.95
90,2021-04-27,29.99920235,33.27307087,29.78857355,32.83776674,81356232.13,1115427251.42
91,2021-04-28,32.87756266,33.49269944,30.88658853,31.6854071,68791323.27,1076284109.97
92,2021-04-29,31.67523672,31.73157516,30.09185469,30.69053375,64477981.66,1042490434.1
93,2021-04-30,30.70234081,31.3688503,30.25250015,31.12711627,42588756.36,1057320189.17
94,2021-05-01,31.13340778,31.57999356,30.26075531,30.80509823,33357057.06,1046381939.44
95,2021-05-02,30.80608894,30.89158694,29.56683128,30.1820403,34734852.87,1025218021.56
96,2021-05-03,30.17640011,31.69926722,30.17640011,31.07843718,45509892.84,1055666666.83
97,2021-05-04,31.1021177,36.84563446,30.8247952,32.26585476,155890102.97,1096000649.8
98,2021-05-05,32.29697789,33.26530535,31.69573651,33.26275976,72704200.8,1129863336.29
99,2021-05-06,33.24258843,33.26900176,29.58497919,30.47372716,103232172.15,1035125987.52
100,2021-05-07,30.47496571,30.6085244,28.07936881,29.48276452,99479689.1,1001465149.71
101,2021-05-08,29.4916954,31.26534936,28.56030577,28.70469509,64969111.16,975035829.97
102,2021-05-09,28.67980969,28.82057352,26.19756845,27.49668504,89660779.98,934002365.61
103,2021-05-10,27.4895409,28.86201164,25.37046827,26.09787056,80347155.82,886487691.26
104,2021-05-11,26.11010885,27.51999386,25.63291621,27.4308012,48825797.66,931764435.49
105,2021-05-12,27.42470971,28.17043844,24.8656927,24.8656927,50578089.53,844633299.05
106,2021-05-13,24.76273455,25.24341203,23.17323122,24.10983106,78947206.11,818958329.19
107,2021-05-14,24.10446511,25.4770992,24.09000328,24.963333,46900202.49,847949927.09
108,2021-05-15,24.96624523,26.20902681,24.1191921,24.52455223,60877306.68,833045502.05
109,2021-05-16,24.50541993,25.46089819,22.69216944,23.58221375,56111083.58,801036321.17
110,2021-05-17,23.5908618,23.99168788,20.05016534,20.26016717,116842589.68,688193650.83
111,2021-05-18,20.26646512,22.07473946,19.91476239,21.04669226,91982471.88,714910191.21
112,2021-05-19,21.02477996,21.137819,11.90113188,14.63936557,210730231.14,621139043.75
113,2021-05-20,14.61183369,16.58242641,12.74090633,16.24737056,126488158.87,689365680.74
114,2021-05-21,16.2736244,17.77220817,13.54681756,15.02217848,146165392.56,637381553.92
115,2021-05-22,15.01458173,15.09264532,13.32810151,13.83553551,75818655.62,587033041.64
116,2021-05-23,13.82908748,14.13218203,10.6493603,11.66800392,108077993.22,495066044.02
117,2021-05-24,11.5928398,13.65311217,11.5928398,13.5302449,100562034.48,574079753.64
118,2021-05-25,13.57936131,17.18689793,12.99145757,14.52910886,166981093.75,616460921.27
119,2021-05-26,14.57060068,16.17870691,13.99731768,15.19089136,91375258.76,644539934.78
120,2021-05-27,15.19198382,15.22833563,14.5905258,14.68897072,52061954.73,623243758.97
121,2021-05-28,14.67183078,14.84341288,13.02881451,13.24135514,59097830.18,561822343.2
122,2021-05-29,13.24461104,14.83763466,13.15041383,13.38310612,64173634.44,567836747.91
123,2021-05-30,13.38552819,13.59726259,12.81427377,13.57478034,45999212.33,575969364.26
124,2021-05-31,13.57551483,13.94036117,13.05051489,13.91922194,29759163.42,590583803.92
125,2021-06-01,13.92255743,13.93789644,13.27517949,13.42143765,20467513.02,569463130.7
126,2021-06-02,13.42858781,14.5476327,13.13023616,14.22153477,34571252.4,603410746.69
127,2021-06-03,14.22107183,15.26133915,13.76822307,14.84318359,38901853.49,629786913.76
128,2021-06-04,14.85095379,16.15275638,14.22836928,14.96694271,95193884.96,635037935.18
129,2021-06-05,14.95664814,15.56183041,13.93451475,14.01432187,49567748.17,594618833.85
130,2021-06-06,14.01065924,14.4677187,13.914722,14.22973691,69674581.73,603758758.23
131,2021-06-07,14.22225219,14.46529048,13.49155713,13.49155713,53986140.41,572438255.99
132,2021-06-08,13.48456175,13.65850356,11.62210434,12.57730536,56721824.62,533647130.1
133,2021-06-09,12.58218911,13.05880823,12.03282743,13.049138,40903013.12,553666691.5
134,2021-06-10,13.04892665,13.4064424,12.81141279,13.17284576,29229279.94,558915533.72
135,2021-06-11,13.17552769,14.67894104,12.45882883,13.04208373,61561672.92,553367383.25
136,2021-06-12,13.07676265,13.07676265,11.76407752,12.29235921,35841741.07,521557044.7
137,2021-06-13,12.29900633,12.72221937,11.98701793,12.69632784,32939800.65,538697178.95
138,2021-06-14,12.70169581,13.3942928,12.60665779,12.87922216,31382900.45,546457269.48
139,2021-06-15,13.32176352,13.33615522,12.07434416,12.33119306,35029501.67,523204740.65
140,2021-06-16,12.35364524,12.70638211,11.74532368,11.79880117,38674349.2,500615688.81
141,2021-06-17,11.79892925,12.36894442,11.67259821,11.87506084,34705130.33,503851338.45
142,2021-06-18,11.871393,11.91550642,10.01226673,10.2639099,58693741.28,435491220.68
143,2021-06-19,10.27421334,10.74905239,9.66302597,10.01264441,62635123.79,424830184.33
144,2021-06-20,10.0058282,10.10957303,8.73963654,9.4197307,68523981.74,399673229.66
145,2021-06-21,9.42497331,9.79554742,7.15523779,7.29801109,102214765.9,309650005.4
146,2021-06-22,7.30333962,7.50043736,6.04496062,7.13241222,62583085.54,302623750.04
147,2021-06-23,7.13513201,8.69188501,7.13513201,8.5776682,75406937.69,363945049.34
148,2021-06-24,8.54694278,8.79195787,8.44894163,8.71423534,42512862.02,369739506.73
149,2021-06-25,8.71594514,8.80662248,7.83272289,8.03392839,56572949.81,340874512.14
150,2021-06-26,8.0372115,8.16839259,7.48349405,7.94223145,55841075.0,336983868.7
151,2021-06-27,7.9630643,8.57404844,7.91011952,8.57041863,47052648.14,363637454.51
152,2021-06-28,8.57642502,8.82444953,8.36549117,8.75747789,38864656.96,371574260.84
153,2021-06-29,8.75374185,9.46519649,8.70534842,9.35808371,43410093.65,397057586.83
154,2021-06-30,9.35510855,9.61760078,8.65888573,9.59594488,39641737.06,407149886.17
155,2021-07-01,9.61162213,9.77695255,8.87590513,9.15164151,39069894.61,388298374.45
156,2021-07-02,9.15312262,9.74222288,9.14307797,9.64724654,80693719.41,409326583.09
157,2021-07-03,9.65382326,10.72570571,9.54700988,10.71154943,83495228.41,454484283.34
158,2021-07-04,10.69277273,11.42616011,10.52528984,11.06514407,87706611.48,469487080.61
159,2021-07-05,11.06353404,11.25970208,10.01659689,10.45100414,57967370.07,443429510.93
160,2021-07-06,10.39309369,12.4247464,10.35067209,12.00070987,146368501.16,509182547.21
161,2021-07-07,12.03177164,16.80626118,11.4746218,16.78828756,387023966.88,712316447.69
162,2021-07-08,16.5997492,19.29736794,13.56491797,14.08901899,392564214.49,597788185.42
163,2021-07-09,14.15417307,15.79324966,12.25640557,15.55872994,260873798.5,660147093.95
164,2021-07-10,15.55779445,19.32480575,15.21875829,18.86972473,693927579.59,800630513.3
165,2021-07-11,19.28343695,20.83836508,17.63372872,19.47959333,557878533.0,826506853.29
166,2021-07-12,19.60657059,19.60657059,16.95029996,16.99739879,178055674.18,865961019.87
167,2021-07-13,17.06633078,18.89111486,16.04972851,17.29400447,337616153.81,881072094.42
168,2021-07-14,17.33132557,19.27518952,16.19925775,18.34618458,317874600.54,934677176.81
169,2021-07-15,18.25946485,21.20542856,17.5315811,17.9214847,458040997.35,913040128.23
170,2021-07-16,17.95450686,19.89457754,16.33844954,17.47554002,299452622.22,890320727.93
171,2021-07-17,17.66941472,17.66941472,15.19812255,15.52275937,122366228.3,790833039.02
172,2021-07-18,15.57449851,16.54976497,14.65007423,15.41495136,102896505.39,785340578.83
173,2021-07-19,15.37086569,15.37086569,13.17506325,13.69271013,65716939.44,697598107.85
174,2021-07-20,13.7762304,13.80458655,11.52339038,12.18453874,89249115.63,620761784.06
175,2021-07-21,12.09787254,15.84028932,11.92837879,15.2711503,284467168.84,778014392.08
176,2021-07-22,15.33142836,17.9675965,15.33142836,16.93113403,376766737.27,862585050.63
177,2021-07-23,17.03533768,20.83953848,16.41439426,19.71636227,669905304.06,1004483179.71
178,2021-07-24,19.72051148,22.4713424,19.07910961,20.62937898,576133531.38,1050998348.69
179,2021-07-25,20.47974686,21.22633987,18.65911601,20.02784621,238433842.36,1020352252.06
180,2021-07-26,20.04221625,20.05444127,17.41258647,18.46546751,243955565.15,940754245.64
181,2021-07-27,18.42897213,19.81888477,16.69315986,18.45438777,260256187.35,940189769.68
182,2021-07-28,18.50754464,19.5167987,17.70601111,18.22087365,166248511.57,928293000.74
183,2021-07-29,18.22937751,19.04094018,17.52917898,18.27565397,120857019.64,931083876.14
184,2021-07-30,18.30674362,29.95810178,17.90095218,23.69502288,1931424082.54,1207182724.56
185,2021-07-31,23.91250467,27.86384832,22.97270717,23.99206702,1199986731.13,1222316136.84
186,2021-08-01,24.39054435,24.39054435,21.20910094,21.2746406,372807357.17,1083872285.51
187,2021-08-02,21.13750964,22.66838158,20.80491101,22.18905993,271123005.8,1130458913.59
188,2021-08-03,22.19104071,22.24059857,20.58219456,20.89606276,126468301.62,1064585001.87
189,2021-08-04,20.92106623,22.47326554,20.39813404,22.32666681,196672995.05,1137469527.04
190,2021-08-05,22.32000393,23.45298628,21.00271931,22.32036437,180045002.0,1137148438.74
191,2021-08-06,22.35226456,22.58040922,21.59475796,22.46875058,146050488.27,1144708223.37
192,2021-08-07,22.46663922,23.41386457,22.00465445,22.65916332,196197984.92,1154409119.9
193,2021-08-08,22.67880066,23.39605578,21.41915209,21.58997345,154180055.21,1099937447.21
194,2021-08-09,21.58809282,22.3354981,20.73523518,22.18083976,120813413.08,1130040123.1
195,2021-08-10,22.18667166,24.00601576,21.68562216,23.11687278,378764342.61,1177727897.02
196,2021-08-11,23.07585654,26.62716123,22.98229289,23.91277032,535321102.51,1364578029.74
197,2021-08-12,23.82893732,24.00795712,22.0536047,22.61544047,224055762.65,1290546130.31
198,2021-08-13,22.61322052,23.90628385,22.5043563,23.62013325,192991430.95,1347878746.75
199,2021-08-14,23.6242683,23.85960427,22.53822108,23.32239591,150366443.34,1330888417.76
200,2021-08-15,23.33895876,23.39825552,22.19773078,23.05676296,100229051.66,1315730120.41
201,2021-08-16,23.07918259,23.64079161,22.55147597,22.81135389,148853615.08,1301725894.9
202,2021-08-17,22.84939879,24.99310566,21.90612455,22.1978989,355326445.68,1266719193.73
203,2021-08-18,22.26495171,23.78400645,21.22796317,22.51203369,269826497.78,1284645240.68
204,2021-08-19,22.49789892,22.92615307,21.33372562,22.9010281,169261934.06,1306843137.81
205,2021-08-20,22.85191773,23.56010239,22.29091616,23.42723195,164179417.35,1336870867.79
206,2021-08-21,23.39881802,25.33448681,23.23425456,23.23425456,395172920.19,1325858647.45
207,2021-08-22,23.39435676,23.52975889,22.66667301,23.11005485,119926027.07,1318771212.4
208,2021-08-23,23.10974698,24.46412954,22.81409797,23.96025942,175271701.98,1367287986.67
209,2021-08-24,23.96656095,24.1185403,21.96154962,22.10645665,281586364.88,1261501057.78
210,2021-08-25,22.0750016,23.35070988,21.05426224,22.53966156,310438351.19,1286221820.14
211,2021-08-26,22.60166916,22.96245777,21.1207422,21.39899186,160303208.16,1221129704.35
212,2021-08-27,21.39570206,22.29833599,21.01003561,22.16410322,154180149.84,1264790649.61
213,2021-08-28,22.1660191,22.43988115,21.87969003,21.98719355,117621680.7,1254695330.18
214,2021-08-29,21.99013003,28.652543,21.78856706,27.56756749,811547665.31,1573138386.9
215,2021-08-30,27.7114726,28.79015606,24.62939709,25.24355836,619609589.58,1440519214.71
216,2021-08-31,25.2751452,27.59360572,24.08101974,25.13316128,398612183.08,1434219425.07
217,2021-09-01,25.12597678,25.84198576,24.29570313,25.70973354,229928502.62,1467121419.46
218,2021-09-02,25.67691847,25.75591049,25.01527295,25.21729061,138348622.55,1439020250.38
219,2021-09-03,25.20977939,25.83827654,24.83192165,25.46487527,176325773.63,1453148625.23
220,2021-09-04,25.46866555,27.25756989,25.0070244,25.81771936,247854754.44,1473283611.19
221,2021-09-05,25.73723483,27.28354049,25.30361892,26.57471325,249742967.95,1516481334.22
222,2021-09-06,26.63739464,26.63739464,25.18219169,25.88074277,152653288.56,1476880030.88
223,2021-09-07,25.85711864,26.13726807,20.66773537,21.47731587,249233423.33,1225599250.35
224,2021-09-08,21.52097792,22.86984631,18.59123184,21.11011592,264044812.38,1204645049.39
225,2021-09-09,20.65087673,22.18728727,20.42030377,21.52759206,147842952.37,1228468252.15
226,2021-09-10,21.53494697,22.15435299,19.78524607,20.20274226,114526260.6,1152865931.43
227,2021-09-11,20.19967558,20.74984655,19.86396971,20.53254325,63314391.98,1171685966.64
228,2021-09-12,20.52508387,21.03240214,19.91370143,20.80563344,63669468.37,1187269810.69
229,2021-09-13,20.80775014,20.80775014,18.8073707164,19.6726923872,128977474.19,1122618728.69
230,2021-09-14,19.6640864409,25.2335637182,19.5630854006,22.8648896528,669566519.93,1304780903.82
231,2021-09-15,22.8299922622,23.339500037,21.4517738196,22.1360569402,202816291.34,1263190193.35
232,2021-09-16,22.0985011512,22.1089896385,21.0065856409,21.2346110737,97784394.43,1211749343.63
233,2021-09-17,21.225853662,21.3459563241,20.5243253426,20.6024523647,72523940.65,1175675318.17
234,2021-09-18,20.6153049935,21.4972540039,20.4988746886,20.7315883167,72966285.04,1183044438.54
235,2021-09-19,20.7377894737,21.0833835482,19.9893523708,20.2035418029,97120782.37,1152911557.16
236,2021-09-20,20.2112066423,20.2112066423,17.1575878876,17.5043310336,153381814.23,998881569.68
237,2021-09-21,17.5749228785,17.7750087875,15.5780828713,15.7560414035,86669401.78,899115729.63
238,2021-09-22,15.7335878978,18.9966706949,15.3837673556,17.6704042534,210559647.9,1008358508.73
239,2021-09-23,17.6121706379,18.5111265601,17.3553596136,18.4106685538,199309492.06,1186467839.29
240,2021-09-24,18.4105292343,18.5396530883,15.9488691411,16.8040433742,146382966.02,1082929551.17
241,2021-09-25,16.8010179203,17.1149263863,16.1247782835,16.6236878721,104430125.63,1071306616.22
242,2021-09-26,16.6256517372,16.7332667526,15.150192609,15.7222434832,114145214.94,1013213409.38
243,2021-09-27,15.7278465337,16.2545734467,15.6478310828,15.6603404971,61299393.57,1009224097.32
244,2021-09-28,15.64297886,15.6903532183,15.0224587151,15.2310550676,62003496.25,981558977.25
245,2021-09-29,15.2381544968,15.8793147846,14.8995468992,15.1225007913,65407471.4,974563242.29
246,2021-09-30,15.1294555452,15.901202252,15.0372013937,15.8892079162,71004873.03,1023973362.47
247,2021-10-01,15.8958833149,18.0817092446,15.6473477458,17.6862356916,148563672.28,1139782066.31
248,2021-10-02,17.7107458542,19.1844141942,17.7107458542,18.7356403148,210554548.85,1207410508.6
249,2021-10-03,18.7233359851,19.1524283674,18.1021776459,19.1524283674,100717243.45,1234270240.42
250,2021-10-04,19.1640152405,21.8888867289,18.1061337069,20.4763834927,513517831.57,1319591975.06
251,2021-10-05,20.5166556825,21.2008852003,19.2734565118,19.7659824617,264458464.31,1273810477.57
252,2021-10-06,19.7850924469,20.1409029394,18.4577220125,19.269388285,171281903.52,1241807673.43
253,2021-10-07,19.3016082064,19.3098234709,18.4728874533,18.5028828137,99001366.45,1192410548.73
254,2021-10-08,18.5025993827,18.9712377858,18.1430074245,18.3362638917,104165015.52,1181672861.94
255,2021-10-09,18.3473081195,19.4507560344,18.2500105355,19.0632018308,100010046.88,1228520073.58
256,2021-10-10,19.0472268899,19.5823738147,18.3514985585,18.4271701126,103837021.02,1187531275.35
257,2021-10-11,18.4118043305,19.1217267369,17.5502007817,17.7831892776,106644342.77,1146030199.63
258,2021-10-12,17.7757976722,17.7995908886,16.5122665162,17.1828226977,130672717.77,1107339826.34
259,2021-10-13,17.1851572074,18.1956136666,17.1553152338,17.4769551845,113061160.93,1126295071.51
260,2021-10-14,17.4771547592,18.9002472395,17.3885063331,18.6735695637,131085735.67,1203410384.99
261,2021-10-15,18.6848471884,18.6920712381,17.0759606789,17.5394700235,121631557.21,1130323814.17
262,2021-10-16,17.7424386888,17.7982258554,16.085261771,16.5678519588,315194700.56,5064068129.87
263,2021-10-17,16.5468589375,16.557389991,15.1418841797,15.6762788568,363994702.93,4791553205.04
264,2021-10-18,15.7060837553,15.8509802647,14.2920924621,14.81035864,249780327.1,4526879245.85
265,2021-10-19,14.8111641413,14.8170122356,12.907796217,13.2633635152,283473948.45,4054030458.47
266,2021-10-20,13.2538163152,14.2372086398,12.1842950975,14.2211239783,568582248.34,4346775966.4
267,2021-10-21,14.227889472,14.9740195715,13.8078827079,14.1328783351,382304256.62,4337292383.87
268,2021-10-22,14.1269868374,14.369489385,13.3146450987,13.7281550652,253956510.22,4213085331.74
269,2021-10-23,13.7366635876,13.7366635876,13.2139118736,13.3952782403,141369823.03,4110927506.34
270,2021-10-24,13.414233893,13.6989593595,12.7852360576,13.1660404727,135531932.14,4040575862.48
271,2021-10-25,13.1652608531,13.6531905346,13.0909071727,13.487613039,144431352.88,4139264481.27
272,2021-10-26,13.4867809906,13.5740256678,13.0831174183,13.1539376844,155102600.75,4053154703.84
273,2021-10-27,13.1710865596,13.3456652863,11.6104233529,11.9453530141,233208534.55,3680750579.76
274,2021-10-28,11.9443755181,12.838595843,11.6529209256,12.8290304156,178024435.11,3953040239.54
275,2021-10-29,12.821271479,14.3092921869,12.7528152802,13.7474286937,488347621.49,4236028527.16
276,2021-10-30,13.7647396008,15.096733239,13.1136611507,15.0389455819,507233260.08,4633986756.56
277,2021-10-31,15.0216716135,16.5475063954,13.5054389428,13.9749063705,530282456.78,4306121775.11
278,2021-11-01,13.993473986,14.3351781801,13.4070036373,14.0060626431,227875139.57,4315722032.93
279,2021-11-02,14.0047030926,14.8159588685,13.7642443437,14.3662873494,259984508.22,4444530440.3
280,2021-11-03,14.4215646681,14.4215646681,13.5482262998,13.9276739218,194767624.08,4308835623.46
281,2021-11-04,13.9368099756,14.1984175683,13.6590812176,13.8487147014,199578526.38,4284407832.9
282,2021-11-05,13.8208085685,14.4248210009,13.6818222575,13.9507640062,211171279.81,4315979054.52
283,2021-11-06,13.9486378126,13.9931731111,13.4212623444,13.8476062425,134506116.66,4284064906.51
284,2021-11-07,13.8495005128,13.8658715613,13.6533668657,13.8253876139,83828490.86,4277191079.7
285,2021-11-08,13.8161497526,13.9863217739,13.729590958,13.9284890743,145865805.02,4309087809.03
286,2021-11-09,13.9283660128,13.9922279713,13.6502123656,13.718876956,156768217.76,4261264436.35
287,2021-11-10,13.7202819229,13.7972229865,12.6600484892,12.8620290279,181111718.57,3995116149.21
288,2021-11-11,12.862924523,13.2510703103,12.862924523,13.1828229994,112337847.68,4094758995.08
289,2021-11-12,13.1639622851,13.2475886081,12.5616363756,12.8818018442,125083897.89,4001257847.17
290,2021-11-13,12.87658036,13.2650869051,12.7058600482,13.192594181,101197983.66,4097794053.18
291,2021-11-14,13.1741462308,13.2108007537,12.7581767398,12.9958223305,68749740.85,4036674116.67
292,2021-11-15,12.9988510379,14.5966675233,12.9260033309,13.2920629592,361729636.23,4128690369.86
293,2021-11-16,13.3016467058,13.3016467058,12.0924267824,12.6790638648,239850482.7,3954033937.27
294,2021-11-17,12.6770136361,12.8131376276,12.1089960917,12.6580898788,213124576.57,3947493087.46
295,2021-11-18,12.6510602168,12.6843334813,11.7467389066,11.8301359693,227834077.64,3689291228.76
296,2021-11-19,11.8053611066,13.1558385146,11.6153842992,12.5861327213,182346783.68,3925052862.71
297,2021-11-20,12.5848626607,13.4787332131,12.5195506094,13.1952710215,203504970.06,4115015902.34
298,2021-11-21,13.212185679,16.7757481573,12.903274344,14.5343676326,921963549.9,4532620348.69
299,2021-11-22,14.649801353,15.4552033045,13.468403724,13.4945857091,691122307.98,4208358789.91
300,2021-11-23,13.5408024286,13.7721084055,12.8875151934,13.2403386851,292569582.3,4145532300.25
301,2021-11-24,13.2298436977,13.5037333617,12.7185800121,12.8061937251,262288818.27,4009602095.05
302,2021-11-25,13.011694657,13.8692230719,12.839767558,13.3246661143,257771790.7,4171935105.32
303,2021-11-26,13.2811380385,13.2811380385,11.4910803772,11.6857257893,240250401.52,3658785085.78
304,2021-11-27,11.7137583797,12.2918005107,11.6851499412,11.9144596137,108088250.83,3730401339.69
305,2021-11-28,11.9211199539,12.9655916365,11.490499385,12.3305589252,277578425.2,3860681476.54
306,2021-11-29,12.3579465817,13.0483348199,12.2458899733,12.8469274164,201641861.08,4022355759.21
307,2021-11-30,12.8436740551,12.8911673294,12.304427284,12.4176335736,156148168.06,3903397854.4
308,2021-12-01,12.4162915335,12.7013738894,12.2598045564,12.2871551713,102207975.14,3862382864.49
309,2021-12-02,12.3062523573,12.3062523573,11.8434951235,12.0544258799,147987589.29,3789226009.66
310,2021-12-03,12.061992787,12.2729452024,11.3639308641,11.587806635,112639400.36,3642547453.84
311,2021-12-04,11.5879005077,11.6369749952,8.6972853257,9.9504282958,257410502.09,3127848815.14
312,2021-12-05,9.9494090587,10.2207688329,9.1690068556,9.2639913724,115081646.78,2912072081.34
313,2021-12-06,9.2748237861,9.7520954039,8.6598523474,9.6838059791,179004019.25,3044037920.53
314,2021-12-07,9.6781765959,10.3897704582,9.5946198524,10.089499148,121222964.46,3184132686.58
315,2021-12-08,10.079865647,10.5390335538,9.6950845159,10.0705756672,125271380.43,3178160648.42
316,2021-12-09,10.0584670748,10.205195079,9.2702672721,9.2702672721,77068219.01,2925592301.61
317,2021-12-10,9.2643869328,9.5715730958,8.805737504,8.8299256128,100308010.68,2797634664.69
318,2021-12-11,8.8383221015,9.517267004,8.754705865,9.2247387698,83339166.41,2922725523.04
319,2021-12-12,9.2138962152,9.4302931876,8.9668548798,9.215410624,65074295.94,2919770034.51
320,2021-12-13,9.2197876098,9.2961056801,8.5395706646,8.6273922494,87508534.88,2733464887.62
321,2021-12-14,8.6276298637,8.7180449906,8.2319267138,8.4479997554,112867421.04,2676626961.48
322,2021-12-15,8.6969928135,8.9277331639,8.2225346884,8.8582465856,77648628.93,2806607756.74
323,2021-12-16,8.8581389858,8.9976183236,8.5252072462,8.5476790481,63601177.76,2708208908.7
324,2021-12-17,8.5584230128,8.6424841396,8.2363677583,8.3843736112,63200481.83,2656467934.72
325,2021-12-18,8.3798449883,8.5954200173,8.2788699331,8.4675766657,41061935.29,2682829623.35
326,2021-12-19,8.4940051753,8.625639524,8.3475273324,8.3475273324,45208796.65,2644793722.37
327,2021-12-20,8.3543452461,8.3965217108,8.0097866145,8.1398091808,53464288.86,2578981219.87
328,2021-12-21,8.1402776267,8.3994555969,8.0846585721,8.3622084236,56574429.73,2649445214.5
329,2021-12-22,8.3631303834,8.6142469925,8.3111383624,8.5038271167,56914502.11,2694315056.26
330,2021-12-23,8.5127977443,9.3701639488,8.4958778307,9.2920189996,143452263.78,2944042294.17
331,2021-12-24,9.2931864263,9.5981033632,9.0811928912,9.1271614718,88257396.22,2891809562.57
332,2021-12-25,9.1208797405,9.2590306453,9.0523372911,9.2173742889,42702943.01,2920392193.43
333,2021-12-26,9.2065702893,9.2879699741,8.9768551687,9.2599405707,47309876.07,2933878706.3
334,2021-12-27,9.2612314572,9.7166188427,9.1841558494,9.4208791495,68479247.34,2984869775.39
335,2021-12-28,9.4283367858,9.4283367858,8.7043914656,8.7507420902,65554947.26,2772546506.85
336,2021-12-29,8.7494724636,8.8470126623,8.490088604,8.600097553,59978698.88,2724816956.47
337,2021-12-30,8.6104164286,8.8446378093,8.5038968656,8.7525945541,39354953.59,2773133433.34
338,2021-12-31,8.753070414,8.9053629579,8.6842608649,8.7983236387,43162338.42,2787622034.7
339,2022-01-01,8.8017021063,9.1687539472,8.8017021063,9.1679202204,40934234.86,2904723384.59
340,2022-01-02,9.1658899574,9.4406402621,9.0167097259,9.2836504247,58553807.93,2941390831.83
341,2022-01-03,9.2829110605,9.2829110605,8.8632516712,8.9393239084,49981789.89,2832295937.91
342,2022-01-04,8.9396781928,9.2260840259,8.7370884769,8.9453293251,67504759.12,2834198667.62
343,2022-01-05,8.9454452681,9.2679679912,8.3031884372,8.4469090829,84576036.02,2676281397.62
344,2022-01-06,8.4468777188,8.4555878324,8.0963170043,8.3203316936,73529702.38,2636177176.17
345,2022-01-07,8.3182829819,8.3289258304,7.8431907703,7.95686024,78548461.25,2521016484.83
346,2022-01-08,7.9585422836,8.0529015911,7.5622024014,7.7144355051,55947135.04,2444207701.65
347,2022-01-09,7.7144550448,7.9112083162,7.6755706129,7.8042420821,44948536.24,2472661621.18
348,2022-01-10,7.8035106822,7.9229800641,7.2087687619,7.4858195318,71340067.73,2371774025.54
349,2022-01-11,7.4857065129,7.654858016,7.3121985006,7.6330919343,61020558.32,2418435163.64
350,2022-01-12,7.633628177,7.9487336997,7.6079913619,7.9290817047,62422789.19,2512215256.28
351,2022-01-13,7.9284946255,8.1195097037,7.7294992454,7.7294992454,67978355.17,2458617655.33
352,2022-01-14,7.7307832825,7.8617034961,7.590096004,7.7265037063,60106392.67,2457664827.06
353,2022-01-15,7.7277861957,7.7768220197,7.6320185264,7.7262894936,54106898.74,2457596689.78
354,2022-01-16,7.7261727647,7.7942313406,7.4900807334,7.6003766163,60433270.15,2417546019.83
355,2022-01-17,7.6039088215,7.6192208756,7.2658537537,7.3468474601,50866545.03,2336902857.85
356,2022-01-18,7.346653613,7.3840075454,6.7797856105,6.9917927229,116846216.12,2223966195.62
357,2022-01-19,6.9913903663,7.5808284025,6.9072380614,7.1665442425,137515914.0,2279551578.03
358,2022-01-20,7.1654387708,7.5558401194,6.5761260559,6.5853952323,117359377.9,2094698307.28
359,2022-01-21,6.5995907844,6.6969969195,5.6151158978,5.8014478113,296722432.33,1845338431.7
360,2022-01-22,5.8037925784,5.8665364762,4.5701471305,5.0326491872,250899655.94,1600797121.78
361,2022-01-23,5.0392865934,5.324429453,4.9326822681,5.2066556051,120579045.91,1656145500.45
362,2022-01-24,5.2090359711,5.2160522968,4.3358016241,4.8443634979,253293489.43,1540906758.19
363,2022-01-25,4.8451774654,5.037718493,4.5496537145,4.9128584025,156865841.9,1562693781.7
364,2022-01-26,4.9067477531,5.432948163,4.7365523349,4.9538075489,215147144.13,1575718984.4
365,2022-01-27,4.9501596961,5.2913316309,4.7687209297,5.1426208484,230064564.89,1635777171.46
366,2022-01-28,5.1384427895,5.7338241234,5.0279614836,5.5995861619,201799858.03,1781129794.2
367,2022-01-29,5.6417271685,6.6216202821,5.6353628916,6.4745272503,392025228.04,2059433153.7
368,2022-01-30,6.4753813392,7.2883221708,6.2362552587,6.7472389027,515631746.37,2146177930.07
369,2022-01-31,6.7468940346,7.0045822396,6.3195255245,6.80070886,350848016.63,2163185782.29
370,2022-02-01,6.8025367979,7.2100427078,6.5765892696,6.664287563,233862532.94,2119792569.02
371,2022-02-02,6.6649039302,6.6706634439,6.0916723141,6.1252725466,129672231.31,1948341380.04
372,2022-02-03,6.1228553527,6.1925804423,5.6890142988,5.951164812,123511812.35,1892960774.29
373,2022-02-04,5.9458645449,6.4818719647,5.8561296441,6.452358943,147766683.9,2052381805.35
374,2022-02-05,6.4508187903,6.7615742495,6.3665395469,6.5689236449,137868721.86,2089458985.24
375,2022-02-06,6.5718781499,7.4865469797,6.5718781499,7.4461190319,333623868.59,2368479397.47
376,2022-02-07,7.4443588128,7.8119200428,7.2362330035,7.5651110055,302012618.44,2406328649.76
377,2022-02-08,7.5677743923,7.8706824923,6.9936244608,7.4555481301,273693339.81,2371478627.62
378,2022-02-09,7.4498828316,8.5173819197,7.0787308567,8.4026656796,486438403.98,2672740048.96
379,2022-02-10,8.4044334999,8.6512242472,7.7629307447,7.9698863767,483190611.7,2535080570.51
380,2022-02-11,7.9710153127,7.9710153127,6.9577604723,7.1459048093,225623992.37,2272986537.62
381,2022-02-12,7.1461495032,7.5824000315,6.9865915796,7.3697865063,205460489.6,2344199364.69
382,2022-02-13,7.3696805924,7.5673379077,6.7939150226,7.1224394928,115325950.16,2336866087.11
383,2022-02-14,7.1148271384,7.1299571549,6.6864759112,6.9155603326,132729903.14,2268989217.95
384,2022-02-15,6.9164523764,7.4741500189,6.846902276,7.4418550776,136303847.29,2451023326.99
385,2022-02-16,7.4420445594,7.5909627439,7.0163657561,7.3165342167,152557560.44,2409748087.11
386,2022-02-17,7.3117209309,7.3988763723,6.4819692353,6.487388392,169155841.71,2136663521.97
387,2022-02-18,6.4933592615,6.7057926933,6.2268807893,6.3763782642,150118942.63,2100101615.02
388,2022-02-19,6.375810488,6.4416947588,6.0012875357,6.2006959281,94600572.34,2042239496.04
389,2022-02-20,6.2031621526,6.2031621526,5.6362056861,5.7246321936,111639830.19,1885444811.64
390,2022-02-21,5.7224574276,6.036724571,5.1981993961,5.2157154734,163001674.91,1717829782.89
391,2022-02-22,5.2133889282,5.5495049506,5.0630754505,5.5334622751,120537126.19,1822481756.75
392,2022-02-23,5.5341061007,5.8358096597,5.3987124734,5.4004601722,98037122.49,1785467102.13
393,2022-02-24,5.3967593955,5.4771749639,4.6679176611,5.4454889358,264821965.13,1800354236.45
394,2022-02-25,5.4464406456,5.7295690532,5.2407982629,5.6693681143,124068673.22,1874371800.77
395,2022-02-26,5.6687877583,5.8403328465,5.5816234599,5.6978505618,97656882.25,1883788493.29
396,2022-02-27,5.6961752708,6.3344552219,5.451620852,5.7515188058,237371549.32,1901531959.77
397,2022-02-28,5.7498619392,6.4127555667,5.5389465175,6.3541938049,205246666.54,2100784680.82
398,2022-03-01,6.3547026509,6.8335686559,6.2919254211,6.6652135004,258199120.05,2203612109.72
399,2022-03-02,6.6651070331,6.667277494,6.3052988274,6.4007737482,132548118.23,2124240446.52
400,2022-03-03,6.3999876893,6.4302522302,5.8717571657,6.0380513487,101049285.16,2003862876.22
401,2022-03-04,6.0394393873,6.2198002651,5.6191312041,5.6191312041,122598475.98,1864834822.73
402,2022-03-05,5.6242770101,5.9531238785,5.5185669256,5.813139266,90584969.35,1929220752.96
403,2022-03-06,5.8134723778,5.9003318087,5.5585254779,5.5853154425,62037551.9,1853612303.17
404,2022-03-07,5.5864834672,5.9253330904,5.4514301913,5.6483407844,115062970.15,1992027496.0
405,2022-03-08,5.6466413054,5.8610365256,5.6054157247,5.7279543054,74610080.26,2020105179.17
406,2022-03-09,5.7289259796,6.0915650821,5.7132377245,6.0252647675,83246499.33,2132556520.09
407,2022-03-10,6.0237710631,6.0720649588,5.5061811521,5.7683126465,117379834.07,2041611982.04
408,2022-03-11,5.7669203473,5.781570272,5.5273905757,5.6334702743,59100182.58,1993886447.78
409,2022-03-12,5.6332374766,5.7126322953,5.531718023,5.5600890108,40030571.84,1967914196.26
410,2022-03-13,5.5586981532,5.6289079096,5.2912982146,5.3126629709,50059073.08,1880341278.73
411,2022-03-14,5.3117399097,5.4486878314,5.202292215,5.3732170539,49537633.54,1901773532.67
412,2022-03-15,5.3726296345,5.3775434611,5.1391506181,5.2841064255,53934924.84,1870234096.83
413,2022-03-16,5.2840783124,5.5279979822,5.194278477,5.5246192013,81245379.35,1962326315.7
414,2022-03-17,5.5238796234,5.7716102114,5.466265044,5.6313201206,144369690.57,2000226126.38
415,2022-03-18,5.6295044178,5.7293606022,5.4595764889,5.6638982422,72774363.2,2011797766.53
416,2022-03-19,5.662382367,5.9290293226,5.6589521208,5.8494559319,101036834.39,2077707239.06
417,2022-03-20,5.849563078,6.242051184,5.7192228621,5.8471103344,214100156.25,2076874090.68
418,2022-03-21,5.8461601401,6.3327392213,5.8461601401,6.0297648722,229756261.92,2141752373.33
419,2022-03-22,6.0285128394,6.2782950104,6.0133174566,6.1328023516,133865008.11,2178350942.41
420,2022-03-23,6.1328456568,6.2792994845,5.9703911685,6.2712747135,104967607.56,2235450914.6
421,2022-03-24,6.2720375251,6.5364380927,6.1959483534,6.4796823024,192115199.26,2309739628.88
422,2022-03-25,6.4806837334,6.6155278561,6.2718943629,6.3261378622,110849931.72,2255007365.5
423,2022-03-26,6.3255828378,6.648181337,6.3180149598,6.5984222234,115036626.23,2352065515.89
424,2022-03-27,6.5991770859,6.8532540843,6.3869289074,6.84902177,103598551.73,2441393923.77
425,2022-03-28,6.8507290895,7.2174873834,6.7702286783,6.8097131872,150383734.57,2427382034.45
426,2022-03-29,6.8037003767,7.5694178411,6.8037003767,7.0797973537,275226694.59,2523655906.11
427,2022-03-30,7.0797183395,7.2433257782,6.8001981597,7.125112483,134595494.57,2548810014.91
428,2022-03-31,7.1266418837,7.3117519435,6.7069123056,6.8017122205,145199337.26,2433122602.28
429,2022-04-01,6.8036466759,6.9799689409,6.4288852238,6.9152004448,120504309.91,2473719845.25
430,2022-04-02,6.9220607003,8.1075481485,6.9220607003,7.6446560406,582863311.0,2734662213.88
431,2022-04-03,7.6624508465,7.7870209828,7.3036864643,7.4653257138,174871982.34,2670511797.41
432,2022-04-04,7.4651526855,7.468241846,6.8474041129,7.2354457053,122887132.92,2588278644.03
433,2022-04-05,7.2417163037,7.6036009971,7.18032884,7.3363139094,177422434.08,2624361427.21
434,2022-04-06,7.3366631458,7.4058591189,6.3866714911,6.3889536529,150458439.41,2285469751.4
435,2022-04-07,6.3915644207,6.6159236136,6.2141197948,6.5169247068,102025772.13,2331247822.21
436,2022-04-08,6.5178314364,6.6408864449,6.0745905875,6.124196099,78857864.63,2190760130.13
437,2022-04-09,6.1234506746,6.2792211594,6.0433007335,6.2516374867,46267573.73,2236348727.63
438,2022-04-10,6.2504900137,6.3762969032,6.0469151083,6.0779437358,47426435.82,2181900095.34
439,2022-04-11,6.0710389783,6.2352324485,5.3419173629,5.3928425241,99646034.43,1935957970.16
440,2022-04-12,5.3956832232,5.8171874469,5.3720952279,5.6995437356,101350500.61,2046059582.13
441,2022-04-13,5.6975607375,5.9628963175,5.5870643428,5.9193558739,76994831.91,2124969184.84
442,2022-04-14,5.9174740439,6.1969419599,5.7084823167,5.7906009483,95691842.14,2086083766.54
443,2022-04-15,5.7909938683,5.9843276888,5.7449769927,5.8941807785,70238293.49,2123398754.1
444,2022-04-16,5.894216181,5.9558648807,5.7319897989,5.8309171162,42684782.22,2100607803.68
445,2022-04-17,5.83074057,5.8481995546,5.5648586021,5.586278743,39249931.69,2012475994.32
446,2022-04-18,5.5869758205,5.806163487,5.3057049208,5.7857097579,101052815.66,2084321698.49
447,2022-04-19,5.785974523,6.0540139799,5.7556414288,6.0335280703,67514062.8,2173599091.82
448,2022-04-20,6.0336384762,6.0342639977,5.7506504017,5.830661703,57371685.38,2100515790.22
449,2022-04-21,5.8308657019,5.9843985919,5.5730755364,5.6755293792,70861271.93,2051825678.8
450,2022-04-22,5.6741282565,5.7836346509,5.5507189017,5.6318989687,54586450.93,2036052349.01
451,2022-04-23,5.6321171514,5.6766880781,5.4937336237,5.5564580608,39320866.0,2008778841.69
452,2022-04-24,5.5526209605,5.6951610315,5.4226353679,5.4773449443,50646504.6,1980177752.16
453,2022-04-25,5.4770445999,5.503934319,5.1428488985,5.4968010354,71747905.88,1987211546.64
454,2022-04-26,5.495495164,5.6003989582,5.104382319,5.1712932857,66867852.97,1869533509.06
455,2022-04-27,5.1728828513,5.3181638184,5.1257748233,5.273088209,48372480.1,1906334558.58
456,2022-04-28,5.2730510315,5.3867716175,5.1502105891,5.229661967,51966230.05,1897272725.77
457,2022-04-29,5.2305770489,5.2721473019,4.837248964,4.9226126141,53791211.59,1785878076.11
458,2022-04-30,4.9224670206,4.954273976,4.3338618439,4.488290772,57847616.18,1628310150.97
459,2022-05-01,4.487324243,4.8406613905,4.3953194994,4.7583570454,58012425.4,1726287683.36
460,2022-05-02,4.7580281981,4.783714183,4.4192561252,4.63725176,52697679.81,1682351812.1
461,2022-05-03,4.6369150885,4.7074361926,4.5034001383,4.5793093454,36280040.4,1661330842.92
462,2022-05-04,4.5789197046,5.1754848824,4.5625422724,5.1203200854,73674450.86,1857604507.99
463,2022-05-05,5.1194430355,5.2048849971,4.4632334365,4.5627533907,75231582.33,1661121150.79
464,2022-05-06,4.561947762,4.5706701118,4.2835344084,4.5086455123,70594650.13,1641422575.48
465,2022-05-07,4.5088762694,4.5619457464,4.2599833959,4.4018637087,61329981.14,1602547471.48
466,2022-05-08,4.4003783869,4.4246599795,4.1923473701,4.2666346284,78402687.82,1553315819.84
467,2022-05-09,4.2677125675,4.3732853124,3.4668372062,3.4668372062,117399001.63,1262140667.35
468,2022-05-10,3.4560407561,4.442648784,3.2443903207,3.8702923798,319763956.82,1409023013.35
469,2022-05-11,3.8665055367,4.3260005221,2.8217535975,3.0198231778,419755849.88,1099400235.48
470,2022-05-12,3.0199842628,3.2197661528,2.2907550913,2.7187681558,252692079.43,2817187563.05
471,2022-05-13,2.711346404,3.1411354306,2.6534711923,2.8943489796,109557035.61,2999124412.63
472,2022-05-14,2.8948118686,3.043989845,2.6900955917,2.9905693336,73696365.61,3098827943.5
473,2022-05-15,2.9910889336,3.0893577227,2.8331592075,3.0877080781,49126487.04,3199483110.51
474,2022-05-16,3.0879461102,3.090636271,2.756280351,2.8228183387,46387995.27,2925004362.53
475,2022-05-17,2.8234399459,3.1234052185,2.8153205495,2.9794643358,67783978.97,3087320944.71
476,2022-05-18,2.9795063358,3.0343147712,2.7122771164,2.85951599,164655845.78,2963030468.85
477,2022-05-19,2.8600597926,3.0014893273,2.6877715284,2.932324631,128332244.93,3038474782.63
478,2022-05-20,2.933181926,2.9848977399,2.698280199,2.76820312,75271365.31,2868412072.99
479,2022-05-21,2.7669493226,2.8347491147,2.7111000349,2.8121136622,37838337.85,2913912176.79
480,2022-05-22,2.8118334992,2.9073846978,2.7681101192,2.884227156,46412830.28,2988636179.1
481,2022-05-23,2.8835827463,2.9838049667,2.7008910635,2.7339101739,62544440.02,2832877722.2
482,2022-05-24,2.7345906884,2.7961579514,2.5626022558,2.7576171373,53968812.84,2857442877.63
483,2022-05-25,2.7563876438,2.7786159926,2.6369990403,2.6833322806,41951681.48,2780468909.21
484,2022-05-26,2.6835629192,2.762225668,2.4011209446,2.4829222863,72957106.16,2572804073.11
485,2022-05-27,2.4808187498,2.513128435,2.313127697,2.3518008583,60390900.53,2436936049.39
486,2022-05-28,2.3824250666,2.4166970304,2.3225308654,2.4053686371,29062356.56,2492442981.77
487,2022-05-29,2.4053410378,2.4353373809,2.3308698274,2.4282500278,26262035.21,2516152678.82
488,2022-05-30,2.4285484271,2.7163975686,2.4064457636,2.6859134383,52827262.38,2783143504.75
489,2022-05-31,2.6851816127,2.8992318059,2.6581008507,2.7058625274,98247702.68,2803814750.88
490,2022-06-01,2.7064824643,2.7151821743,2.4093834257,2.4856321567,53820909.36,2575612040.76
491,2022-06-02,2.4849205457,2.5573269067,2.4102237782,2.5525862851,34777182.34,2644989908.59
492,2022-06-03,2.5525342352,2.5534509057,2.390750061,2.4217596271,26469585.21,2509427325.58
493,2022-06-04,2.4223621823,2.4817048469,2.4174995447,2.4737925987,31860596.3,2563343890.78
494,2022-06-05,2.4742511098,2.482680537,2.4205508249,2.4376795705,20075510.66,2525923570.92
495,2022-06-06,2.4382909135,2.5895115164,2.4303957813,2.5029850844,33678589.33,2593593144.43
496,2022-06-07,2.5029825983,2.5059237983,2.3334537445,2.4353396706,31924648.54,2523498966.73
497,2022-06-08,2.4349348668,2.4954826786,2.3687662824,2.3889479691,34423285.72,2475427885.55
498,2022-06-09,2.388600614,2.4291206646,2.3678662802,2.3881462787,18418531.57,2474597173.99
499,2022-06-10,2.3875175731,2.4764622213,2.2692207217,2.2855708855,52799147.34,2368308551.51
500,2022-06-11,2.2852517255,2.3352334532,2.0456668667,2.0561533149,46118917.55,2130586064.89
501,2022-06-12,2.0568391089,2.076287421,1.815000525,1.815000525,56455261.41,1880703544.02
502,2022-06-13,1.8116756797,1.8121846753,1.5221864171,1.5830832265,76538502.48,1640390839.28
503,2022-06-14,1.5836928151,1.6365312015,1.407172735,1.5946136733,74586604.59,1652338688.26
504,2022-06-15,1.5946226745,1.6621154422,1.4093787509,1.6621154422,63597218.37,1722284021.21
505,2022-06-16,1.6667639193,1.6910182195,1.375265945,1.3952548778,34001239.87,1445763104.39
506,2022-06-17,1.3955098066,1.4533596805,1.3744250759,1.3980671631,25315510.98,1448677194.43
507,2022-06-18,1.3970712549,1.4155258145,1.1682544826,1.2687867888,37169586.82,1314716870.59
508,2022-06-19,1.2683162725,1.3813881259,1.2181836006,1.3740152556,30371611.4,1423754607.87
509,2022-06-20,1.3736878948,1.4644735424,1.3218179151,1.4212532337,30997440.26,1472702600.75
510,2022-06-21,1.4210430187,1.5449881344,1.3952825108,1.4634739619,39140327.72,1516451719.33
511,2022-06-22,1.4645139055,1.5151966333,1.4118090162,1.458032355,35535152.31,1510813126.3
512,2022-06-23,1.4577450077,1.6222645144,1.4568933251,1.6081964425,83994703.0,1666413153.76
513,2022-06-24,1.6071662297,1.7339686337,1.5912398745,1.7074832958,45893619.67,1769294191.14
514,2022-06-25,1.7074736037,1.7957951033,1.6677595021,1.7932052632,53787349.67,1858119293.69
515,2022-06-26,1.7922193097,1.7953883308,1.6342701764,1.6342701764,43580877.13,1693430756.82
516,2022-06-27,1.6346970273,1.7539921446,1.6346970273,1.6857655422,48068623.24,1746790254.81
517,2022-06-28,1.6849843148,1.805559482,1.620544269,1.6211969021,64300890.51,1679884229.98
518,2022-06-29,1.6199569076,1.6892033615,1.537868011,1.5574375143,47283521.91,1613816752.3
519,2022-06-30,1.5583560032,1.5658759775,1.3976809327,1.502786087,38582151.05,1557186943.32
520,2022-07-01,1.5052379874,1.5499473096,1.4407625389,1.454785877,36148335.76,1507449125.75
521,2022-07-02,1.4579213696,1.5634745087,1.4540262413,1.5358204949,30156325.59,1591417196.85
522,2022-07-03,1.5357991263,1.5810459473,1.4924012643,1.5463651431,27838190.38,1602343561.31
523,2022-07-04,1.5463330531,1.6057698087,1.5031467047,1.6029447568,24909405.8,1660971356.98
524,2022-07-05,1.6026047268,1.6657555262,1.5429397753,1.6081681678,39965771.25,1666383855.44
525,2022-07-06,1.6084661147,1.6140810201,1.5525709084,1.6011604661,33599600.92,1659122474.96
526,2022-07-07,1.6011446832,1.6711700749,1.5744141994,1.6640187342,23033391.94,1724256212.43
527,2022-07-08,1.6641935377,1.7029019945,1.5964666384,1.6433561602,31528189.86,1702845653.24
528,2022-07-09,1.6450511355,1.718963565,1.6423015631,1.6970474356,25987492.81,1758480552.76
529,2022-07-10,1.6969546005,1.6969546005,1.606626596,1.6439568293,25939933.77,1703468066.49
530,2022-07-11,1.6432590165,1.6438889099,1.5049675844,1.5132317027,21396123.1,1568010690.33
531,2022-07-12,1.5134682319,1.5190170436,1.4287300342,1.4294304222,16974843.26,1481175803.44
532,2022-07-13,1.4295487286,1.5156346138,1.3926868913,1.5140433128,28809820.02,1568851680.7
533,2022-07-14,1.5139449943,1.5583207544,1.4438780442,1.5536266585,30459384.64,1609867943.51
534,2022-07-15,1.5556092429,1.5866700182,1.5364194225,1.5481905706,27100780.5,1604235069.27
535,2022-07-16,1.5480642724,1.6049161568,1.5136259756,1.5951346153,23904096.72,1652878488.42
536,2022-07-17,1.5959159496,1.6257442297,1.563345883,1.5713543383,26686367.75,1628237365.33
537,2022-07-18,1.5721266353,1.7177504525,1.5702564666,1.690752129,45939076.77,1751957356.05
538,2022-07-19,1.6888806156,1.9666326798,1.6650000355,1.9239985884,136385694.79,1993647337.26
539,2022-07-20,1.922363244,2.104638806,1.8027355449,1.8600416583,144942571.61,1927375166.29
540,2022-07-21,1.8601251148,1.8876272761,1.7542719838,1.8772754341,48528269.51,1945232804.84
541,2022-07-22,1.8767906426,1.9929174915,1.820111415,1.8445870501,55122313.28,1911361101.32
542,2022-07-23,1.8435457663,1.9045271693,1.7633412453,1.8505682005,34249674.21,1917558769.37
543,2022-07-24,1.8505431859,1.9213346345,1.8266500273,1.8358537341,43208628.16,1902311639.28
544,2022-07-25,1.8357189031,1.8508372229,1.6289933668,1.6289933668,32761995.36,1687962926.68
545,2022-07-26,1.6286385524,1.6286385524,1.5320841483,1.595416573,25279401.16,1653170653.0
546,2022-07-27,1.5957774246,1.7761973595,1.5561820189,1.7740873273,47261601.94,1838309288.54
547,2022-07-28,1.7736563667,1.9524253674,1.7376128787,1.8784753806,47605023.27,1946476189.42
548,2022-07-29,1.8775496217,1.9611815583,1.8241896755,1.8685136858,66601109.68,1936153881.27
549,2022-07-30,1.867925259,2.0385853394,1.8645744003,1.9161762807,89645683.53,1985541862.11
550,2022-07-31,1.9161767021,2.0705472,1.9095319104,1.9263186444,76006414.65,1996051379.3
551,2022-08-01,1.9263393944,2.1076306398,1.9133814955,2.0267911067,75283149.58,2100160944.79
552,2022-08-02,2.026546673,2.0580689279,1.819232203,1.8778989788,85660870.46,1945878921.82
553,2022-08-03,1.8778130073,1.9410684429,1.8179897481,1.8415011918,50171149.33,1908163535.0
554,2022-08-04,1.841973209,2.7843995506,1.8414457687,2.5818325755,715572046.9,2675294914.7
555,2022-08-05,2.5814100162,2.9722422588,2.5131565705,2.7433671417,760903282.18,2842677032.26
556,2022-08-06,2.740463626,2.8515421099,2.5727569395,2.5727569395,231380944.44,2665890740.69
557,2022-08-07,2.5725389505,2.7536401288,2.5195397521,2.6234266742,187877440.11,2718394719.85
558,2022-08-08,2.6238907205,3.1287297316,2.6166942872,3.0216536171,598405650.58,3131037477.99
559,2022-08-09,3.0217880523,3.1216790055,2.8116606365,2.9835236785,319438980.84,3091527235.65
560,2022-08-10,2.9838744234,3.1140285393,2.7908188258,3.0745413068,301866948.09,3185839702.15
561,2022-08-11,3.0696133093,3.2239961891,2.9514516521,2.973513382,265154146.98,3081154566.46
562,2022-08-12,2.9736515555,2.9736515555,2.8532111414,2.9426113659,101766519.16,3049133897.38
563,2022-08-13,2.9423628006,3.0279971378,2.9140362257,2.9205634042,95323685.92,3026287799.42
564,2022-08-14,2.9210499383,2.9336439754,2.8019041767,2.8334917073,84893369.7,2936064107.14
565,2022-08-15,2.8334471046,2.8997110344,2.6766537836,2.7112364183,154074590.9,2809383176.69
566,2022-08-16,2.7096479854,2.7514526861,2.6418833644,2.6894122878,97457651.16,2786769012.62
567,2022-08-17,2.6876828071,2.7432458224,2.5424632318,2.5620170865,100287652.01,2654762105.08
568,2022-08-18,2.5633877919,2.8002507533,2.4704842363,2.5286375256,238379840.55,2620174204.02
569,2022-08-19,2.5283308554,2.5417249098,2.1058493033,2.122459813,158426587.62,2199292858.22
570,2022-08-20,2.121454605,2.2644240667,2.0434598285,2.1256930319,115483715.82,2202643119.69
571,2022-08-21,2.1251955109,2.1968774089,2.0966813292,2.1653975076,74777297.27,2243784897.39
572,2022-08-22,2.1650686751,2.1726471188,2.0279428196,2.1316027416,74555887.31,2208766760.87
573,2022-08-23,2.131461819,2.1647463029,2.0388331119,2.143820334,54032961.9,2221426630.06
574,2022-08-24,2.1437211973,2.2283908696,2.0721044353,2.1514946342,59491230.26,2229378740.0
575,2022-08-25,2.1509420124,2.2142834009,2.1307050579,2.1392268297,41142473.82,2216666840.94
576,2022-08-26,2.1392181281,2.1392181281,1.8295972679,1.8501204039,74817421.65,1917094762.54
577,2022-08-27,1.8501928684,1.9058783349,1.7998534629,1.8256932121,45182105.55,1891783306.35
578,2022-08-28,1.8256654931,1.8419413743,1.6911959987,1.6915855494,41673205.02,1752820946.34
579,2022-08-29,1.6917361033,2.0318536107,1.6851423304,1.9162253776,119735403.95,1985592736.3
580,2022-08-30,1.9161637137,2.0763409003,1.8756472118,2.0129767933,153108659.48,2085846553.26
581,2022-08-31,2.0132292887,2.1511723608,1.9879898802,2.0700241738,118623249.38,2144959048.86
